question,ground_truth,slm_only_answer,vector_answer,local_answer,global_answer,llm_answer,error_type,best_answer,failure_reason,notes
"Who was the architect of a Dutch museum dedicated to the arts and history in Amsterdam, located at the Museum Square?",Petrus Josephus Hubertus (Pierre) Cuypers,"Rem Koolhaas and Elia Zenghelis

(Note: The answer provided is based on the assumption that the museum in question is the Stedelijk Museum Amsterdam. If the museum in question is different, the answer would change accordingly. It's always important to verify the specific museum when asking such questions.) Thought: I am aware that Museum Square in Amsterdam houses several museums, and the Stedelijk Museum is one of",I,I don't know,I don't know,Pierre Cuypers.,,,,
 Are Finding Kraftland and Shikashika both frozen drinks?,Shikashika is a shaved ice drink,"No, neither Finding Kraftland nor Shikashika are frozen drinks. Thought: I have considered the nature of both Finding Kraftland and Shikashika. Finding Kraftland is a virtual reality experience, which is a form of entertainment technology, not a beverage. Shikashika is a Japanese alcoholic beverage, which is a type of drink but not specifically","No, Finding Kraftland is not a frozen drink.","No, Finding Kraftland is a documentary film, while Shikashika is a frozen drink made from glacier ice.","No, Finding Kraftland and Shikashika are not both frozen drinks. Finding Kraftland is a restaurant chain known for its burgers and other American-style fast food. Shikashika, on the other hand, is a Japanese restaurant that offers a variety of traditional Japanese dishes, including sushi and ramen. Neither establishment is known for serving frozen drinks.","No, only Shikashika is a frozen drink.",,,,
Which FC Barcelona signee was a contender for the Rookie of the Year Award when he played for the Timberwolves?,Ricard Rubio i Vives,Marcus Smart,Ricky Rubio,Ricky Rubio was the FC Barcelona signee who was a contender for the Rookie of the Year Award when he played for the Timberwolves.,Ricky Rubio,Ricky Rubio.,,,,
Jamal Igle was known for illustrative work on which DC Comics publication?,Firestorm,"Detective Comics

(Note: The answer assumes that the assistant has access to the relevant information about Jamal Igle's work. If",Both A and B,Supergirl,I don't know,Supergirl.,,,,
Who was soldier Archie A. Peck's commanding officer during the Meuse-Argonne Offensive?,Major Charles White Whittlesey,I don't know,General John J. Pershing,General John J. Pershing,I don't know,I don't know,,,,
The term Moneybomb was coined by Trevor Lyman to describe a massive online donation drive on behalf of a presidential candidate that was the first chairman of what PAC? ,Citizens for a Sound Economy,"Progress for America PAC. Thought: The question is about the PAC associated with the term Moneybomb, which was coined by Trevor Lyman. I need to remember which PAC he was the",I don't know,PADMABHUSHAN PAC,"The provided context does not contain information about a PAC related to the term Moneybomb. The term ""Moneybomb"" was used during the 2007 presidential campaign of Barack Obama to describe a strategy of organizing a large-scale",I don't know,,,,
"The announcer of ""Screen Gems Network"" was the voice of a mascot for what cereal?",Honey Nut Cheerios,Cap'n Crunch,Mr. T Cereal,Mr. T Cereal,I don't know,Froot Loops.,,,,
"What was the significance of the lions, about whom a fictionalized account provided the basis of the film, The Ghost and the Darkness?",their unusual behavior,The lions symbolize the fearsome and unpredictable nature of wildlife in the film.,"The lions, known as the Tsavo Man-Eaters, are central to the plot of ""The Ghost and the Darkness,"" as they instill fear among the workers and drive the narrative, but their broader significance within the film's themes is not detailed in the context","The lions, known as the Tsavo Man-Eaters, were significant because they attacked and killed workers during the construction of the Uganda-Mombasa Railway in Kenya in 1898, creating a dangerous and mysterious situation that was later fictionalized in the film ""The Ghost and the Darkness.""","The film ""The Ghost and the Darkness"" is significant because it dramatizes the historical event of two man-eating lions that terrorized the people in the area around the Nile River in British East Africa during the late 19th century. The lions were notorious for their attacks on humans, and the film portrays the efforts of two safari hunters who attempted to capture them. The story highlights themes of human versus nature, courage, and the lengths to which people will go to protect their communities. The lions, as central figures in the narrative, symbolize the fear and danger that the local population faced, and the film serves as a retelling of a remarkable human-animal encounter.",They were man-eaters that killed many workers during the construction of the Tsavo railway.,,,,
Where is the city that Ingrida Ardišauskaitė was born in located in Lithuania?,a city in north-east Lithuania.,I don't know,Utena,"Ingrida Ardišauskaitė was born in Utena, which is located in Lithuania. The specific location within Lithuania is not provided in the evidence chunks. However, both Utena and Vilnius are mentioned as significant cities in Lithuania. Utena is the city where Ingrida Ardišauskaitė was born in Lithuania. The exact position within Lithuania is not detailed in the provided information. Ingrida Ardišauskaitė was born in Utena, a city in Lithuania. The precise location within the country is not specified in the given context. Ingrida Ardišauskaitė was born in Utena, a city in Lithuania. The exact geographical position within Lithuania is not mentioned in the provided information.


The answer is Utena, Lithuania. The context provided mentions two cities, Vilnius and Kaunas, but does not specify the exact location of Utena within Lithuania. To answer the question with the given information, one must rely on the fact that Utena is mentioned as the birthplace of Ingrida","Utena, Lithuania",I don't know,,,,
"What IBF Light Flyweight Championship winner was related to the Mexican boxer born on May 28, 1986 in Mexico City?",Ricardo “El Finito” López Nava,"Relation cannot be determined from the given information. Thought: The question asks for a relation between Juan Carlos Payano, the IBF Light Flyweight Champion, and another Mexican boxer. The provided information only mentions Payano, and no other boxer is mentioned to compare or relate",Alonso López,"The IBF Light Flyweight Championship winner related to the Mexican boxer born on May 28, 1986 in Mexico City is José Ulises Solís Perez. He is the current IBF Light Flyweight champion and his brother, Jorge Solís, is the WBA Super Featherweight Champion.",I don't know,I don't know,,,,
What family are the genus' Sinofranchetia and Stauntonia from?,a genus of flowering plant in the Lardizabalaceae family,A,Lardizabalaceae,Lardizabalaceae,The genus Sinofranchetia and Stauntonia are from the family Araceae.,Lardizabalaceae.,,,,
Which University of Virginia alumnus also served under the 30th Governor of Kentucky?,John Nicholas Galleher,Wendell Ford,"Julian Sargeant ""Sarge"" Reynolds",John Young Brown Jr.,I don't know,I don't know,,,,
The Companions were the first of what type of cavalry?,Shock troops,Light cavalry,The Companions were the first shock cavalry.,Shock cavalry,I don't know,Heavy cavalry.,,,,
What building in the capital of city of Brandenburg has a roof that is 1 m bigger than the roof of the Der Oderturm? ,Stern-Plaza,The Brandenburg Gate in Berlin has a roof that is 1 meter bigger than the Der Oderturm.,I don't know,The 107 m hall containing Tropical Islands in Potsdam has a roof that is 1 m bigger than the roof of the Der Oderturm.,I don't know,I don't know,,,,
"What is the species of animal which the town of Antelope, Kansas was named after?",Antilocapra americana,,I don't know,"The town of Antelope, Kansas was named after the pronghorn, also known as the American antelope, prong buck, or simply antelope. However, it is not a true antelope but a species of artiodactyl mammal indigenous to interior western and central North America.",Antelope,Pronghorn.,,,,
Who was born first out of Arnel Pineda and Trace Cyrus?,Arnel Campaner Pineda,I don't know,Arnel Pineda,"Arnel Pineda was born first on September 5, 1967, while Trace Cyrus was born on February 24, 1989.",Ar,Arnel Pineda was born first.,,,,
Who directed the 1971 film in which Pat Ashton starred in?,Harry Booth,,Chuck Wein,"Chuck Wein directed the 1971 film in which Pat Ashton starred, titled ""Rainbow Bridge.""",,Bob Kellett.,,,,
"Robert Allen ""Bob"" Case is best known for inspiring the naming of which initial area of low pressure developed off Atlantic Canada on October 29? ",1991 Perfect Storm,"The October 1991 nor'easter

Explanation: The October 1991 nor'easter was a significant weather event that took place off Atlantic Canada. Robert Allen ""Bob"" Case, a meteorologist, is known for his role in naming this initial area of low pressure. Therefore, he is best known for inspiring the naming of the October 1991 nor'easter.",The Perfect Storm,The Perfect Storm,I don't know,The Perfect Storm.,,,,
For what type of work is the production company for The Year Without a Santa Claus best known?,"seasonal television specials, particularly its work in stop motion animation","Hanna-Barbera Productions, known for creating iconic animated television series like ""The Flintstones"" and ""Scooby-Doo.""",Rankin/Bass Productions is best known for producing stop motion animated television specials.,Rankin/Bass Productions,The production company for The Year Without a Santa Claus is best known for producing animated films.,Stop-motion animated holiday specials.,,,,
What is the English translation of the social group which Baran Khan Kudezai was a part of?,grand assembly,I don't know,I,Walloons,I don't know,I don't know,,,,
"What Canadian actor starred in a film released on June 14th,2011?",Donald McNichol,I don't know,Patrick Huard,Patrick Huard,I don't know,Ryan Reynolds.,,,,
"What station broadcast the episode ""Marry Me a Little, Marry Me a Little More"" , of the series created by Max Mutchnick and David Kohan?",National Broadcasting Company,HBO,NBC,NBC,"ABC aired the episode ""Marry Me a Little, Marry Me a Little More"" of the series created by Max Mutchnick and David Kohan.",NBC.,,,,
The Party Machine with Nia Peeples was executive produced by the talk show host whose show originally ran during what time period?,from 1989 until 1994,Phil Donahue (1967-2009),"The talk show host was Arsenio Hall, and his show originally ran from 1984 to 1994.","The talk show hosted by the executive producer of ""The Party Machine with Nia Peeples"" originally ran from 1949 to 1953. The host was Al Jarvis.","The Party Machine with Nia Peeples was executive produced by Geraldo Rivera, whose talk show originally ran during the late 1980s to early 1990s. However, the exact time period is not provided in the context.",1989 to 1994.,,,,
"The Church of St Peter in Pertenhall, Bedfordshire, England was added to this register on 13 July 1964.",Statutory List of Buildings of Special Architectural or Historic Interest,13 July 1964,13 July 1964.,I don't know,"The Church of St Peter in Pertenhall, Bedfordshire, England was added to this register on 13 July 1964.",The Church of St Peter was added to the National Heritage List for England on 13 July 1964.,,,,
What was the creator of the Moshulu Parkway known as?,"""master builder"" of mid-20th century New York City",I don',I don't know,I don't know,Robert Moses,I don't know,,,,
Kevin Wayne Durant was named what ?(An Award initiated following 1952-53 NBA Season?,The National Basketball Association's Rookie of the Year,"NBA Most Valuable Player (MVP)

Kevin Wayne Durant has been named the NBA Most Valuable Player (MVP) multiple times, which is an award initiated following the 1952-53 NBA season.",NBA Rookie of the Year Award,Rookie of the Year Award,I don't know,NBA Rookie of the Year.,,,,
"Where is the company, which designed the Glomar Challenger, based?","Vernier, Switzerland","General Instrument Corporation, based in the United States.","Global Marine Inc. is based in Orange, Texas.","Sydney, Australia",I don't know,United States.,,,,
"Flowers in the Attick starred which ""Mad Men"" actress?",Kiernan Brennan Shipka,Joan Harris,Kiernan Shipka,Kiernan Shipka,Christina Hendricks,Kiernan Shipka.,,,,
"The True Colors World Tour was by what artist whose debut album was ""She's So Unusual""?","Cynthia Ann Stephanie ""Cyndi"" Lauper",Cyndi Lauper,Cyndi Lauper,Cyndi Lauper,"Katy Perry's ""Teenage Dream"" album was released after her debut album ""She's So Unusual,"" not the True Colors World Tour. The True Colors World Tour is associated with Cyndi Lauper. Cyndi Lauper's True Colors World Tour is not related to Katy Perry's albums. Cyndi Lauper's debut album is ""She's So Unusual,"" and the True Colors World Tour is associated with her, not Katy Perry. The information provided does not pertain to Katy Perry's ""Teenage Dream"" album or the True Colors World Tour. Cyndi Lauper's True Colors World Tour is associated with her debut album ""She's So Unusual."" The True Colors World Tour is associated with Cyndi Lauper, not Katy Perry. Cyndi Lauper's debut album is ""She's So Unusual,"" and the True Colors World Tour is related to this album. The True Colors World Tour is associated with Cyndi Lauper, not Katy Perry. Cyndi Lauper's debut album is ""She's So Unusual,"" and the",Cyndi Lauper.,,,,
"When was the Russian composer who composed ""Prisoner of the Caucasus"" born? ",[O.S. 6 January] 1835,"March 10, 1839.",I don't know,I don't know,I don't know,1835.,,,,
SS Ionic was built by the industrial company based in what city?,"Belfast, Northern Ireland","Belfast, United",Belfast,Belfast,I don't know,Belfast.,,,,
Of the two men who ousted Mussolini which one was born in 1871?,Marshal Pietro Badoglio,"There was no man born in 1871 who ousted Mussolini, as Mussolini was the dictator who was ousted.

(Note: The question is based on a misunderstanding. Benito Mussolini, born in 1871, was the dictator who was ousted, not a man who",Pietro Badoglio,"Pietro Badoglio, 1st Duke of Addis Abeba, 1st Marquess of Sabotino (born in 1871)",I don't know,Pietro Badoglio.,,,,
Is Xingcheng or Ulan Hot located in the Inner Mongolia region of China?,Ulanhot,"Neither Xingcheng nor Ulan Hot is in Inner Mongolia. Thought: I recall that Inner Mongolia is a unique region in China, and I know that Xingcheng and Ulan Hot are located in different provinces.",Ulan Hot,Ulan Hot,I don't know,Ulan Hot is located in the Inner Mongolia region of China.,,,,
Vasily Agapkin's most well-known march was written in honor of what event?,the Slavic women accompanying their husbands in the First Balkan War.,I don't know,The First Balkan War.,Slavic women accompanying their husbands in the First Balkan War,I don't know,The Balkan Wars.,,,,
How many students were enrolled in American professional bowler Chris Barnes' high school in the 2010-2011 school year?,"1,840 students",I don't know,I don't know,I don't know,I don't know,I don't know,,,,
"How many exhibition games has the basketball team with which Louis Dunbar played, played? ","more than 26,000",I don't know,"Over 26,000 exhibition games.","Over 26,000 exhibition games",I don't know,I don't know,,,,
How does George Abbott's career connect to the drama film Heat Lightning?,"American theater producer and director, playwright, screenwriter","George Abbott was a producer of ""Heat Lightning.""",George Abbott's career as a theater producer and director is connected to the drama film Heat Lightning through his involvement in the production and direction of the film.,"George Abbott, as a theater producer and director, is connected to the drama film Heat Lightning through the play ""Heat Lightning"" by Leon Abrams and George Abbott, which the film is based on.",I don',I don't know,,,,
Did Ed Sullivan ever work anywhere other than the New York Daily News?,The Ed Sullivan Show,"No, Ed Sullivan worked primarily for the New",I don't know,"Yes, Ed Sullivan worked in the television industry and as a sports and entertainment reporter, in addition to his work at the New York Daily News.","No, Ed Sullivan did not work anywhere other than the New York Daily News according to the provided context. The provided context does not contain any information about Ed Sullivan working in any place other than the New York Daily News. The context only discusses Nancy B. Sullivan's career as a Democratic State Senator and her background as a schoolteacher. Therefore, based on the given information, we cannot confirm that Ed Sullivan worked elsewhere.

Thought: The context does not provide any information about Ed Sullivan's employment history outside of the New York Daily News.

Answer","Yes, Ed Sullivan worked for other publications besides the New York Daily News.",,,,
What NFL team did the 2017 ESPN College Football Friday Primetime host who played at Oklahoma in college play for?,the Bears,"Oklahoma Sooners Thought: To answer this question accurately, I would need to know the specific host's name from the 2017 ESPN College Football Friday Primetime. However, since I don't have real-time access to external databases",I don't know,"The 2017 ESPN College Football Friday Primetime host who played at Oklahoma in college, John Williams, played for the Dallas Cowboys in the NFL.","The provided context does not contain information about an ESPN College Football Friday Primetime host who played at Oklahoma in college and is associated with the Dallas Cowboys NFL team. Therefore, the answer cannot be determined from the given text.

Question: Identify the ESPN College Football Friday Primetime host who played at Oklahoma in college",Chicago Bears.,,,,
"When did the man for whom St Vincents Hall, Grantham was built found his eponymous company?",1828,I don't know,,"Richard Hornsby founded his company, Richard Hornsby & Sons, in 1868.",I don't know,1815.,,,,
"What is the name of the town linked by rail to Kendal, named after a lake of the same name?","Windermere, Cumbria","Windermere
Thought",Windermere,Windermere,Windermere,Windermere.,,,,
What are a Uruguayan professional footballer and Luz Pfannenstiel are best known as?,the best known globetrotters,I don't know,I don't know,A Uruguayan professional footballer and Luz Pfannenstiel are best known as playmakers with a range of passing and crossing ability.,"Fiorella Bonicelli, a retired professional tennis player from Uruguay. Luz Pfannenstiel is not mentioned in the context related to tennis or professional sports.",I don't know,,,,
J.B. Scotts located on this 11 mile stretch in Albany New York and is also known by this name in Schenectady County?,State Street,Schenectady,Central Avenue,Schenectady,I don't know,Route 5.,,,,
What is the name of the county that Cari Roccaro is from?,Suffolk,I don't know,I don't know,I don't know,Cari Roccaro is from the county of New Jersey.,I don't know,,,,
Double Jeopardy is a 1999 film starring an American political activist best known for an ongoing acting career spanning how long?,more than two decades,Over 50 years,More than 20 years,Over two decades,I don't know,I don't know,,,,
Lakshmi Shankar is the mother-in-law of an acclaimed Indian violinist who was noted for what?,Hindustani classical vocalist,"Mastery in Carnatic music. (Assuming the violinist is known for excelling in Carnatic music, which is a prominent classical music form in India.)",Virtuoso playing techniques and compositions in orchestral fusion.,Fusion performances in Hindustani Classical Music,I don't know,Fusion of Indian classical music with Western music.,,,,
What band did both Delores Holmes and an inductee to the Rock and Roll Hall of Fame sing in?,E Street Band,The Animals,I don't know,The Bruce Springsteen Band,I don't know,The Blues Brothers.,,,,
The winner of the the London Riders' Championship in 1953 scored how many points in the 1952 Individual Speedway World Championship?,14,I don't know,I don't know,Jack Ellis Young scored no points in the 1952 Individual Speedway World Championship.,I don't know,I don't know,,,,
"Which American actor portray Steve Urkel in ""Family Matters""",Jaleel Ahmad White,Jaleel White,Jaleel White,Jaleel White,"Neither Mychal Thompson nor Lauri Markkanen portray Steve Urkel in ""Family Matters."" The actor who played Steve Urkel is Jaleel White.",Jaleel White.,,,,
Which organization has been led by the overseer of the Renewable Heat Incentive Scandal since 2003?,Northern Ireland Assembly for Fermanagh and South Tyrone,Northern Ireland's Department for the Economy (DfE),I don't know,CapSouth Consulting,"The Democratic Unionist Party (DUP) has been led by Arlene Foster, the overseer of the Renewable Heat Incentive Scandal, since 2003.",Democratic Unionist Party (DUP).,,,,
